{
    "timestamp": "20250909_161251",
    "image_filename": "webcam_captures/images/capture_20250909_161251.jpg",
    "detected_persons": 1,
    "persons": [
        {
            "person_id": 1,
            "keypoints": [
                {
                    "part_id": 0,
                    "part_name": "nose",
                    "x": 235.7476806640625,
                    "y": 101.24363708496094,
                    "confidence": 0.9879040122032166
                },
                {
                    "part_id": 1,
                    "part_name": "left_eye",
                    "x": 234.78802490234375,
                    "y": 89.39163208007812,
                    "confidence": 0.602042555809021
                },
                {
                    "part_id": 2,
                    "part_name": "right_eye",
                    "x": 218.76315307617188,
                    "y": 85.99058532714844,
                    "confidence": 0.9915226697921753
                },
                {
                    "part_id": 3,
                    "part_name": "left_ear",
                    "x": 205.7971954345703,
                    "y": 99.65545654296875,
                    "confidence": 0.03304329887032509
                },
                {
                    "part_id": 4,
                    "part_name": "right_ear",
                    "x": 166.04119873046875,
                    "y": 95.82368469238281,
                    "confidence": 0.9798967242240906
                },
                {
                    "part_id": 5,
                    "part_name": "left_shoulder",
                    "x": 185.2919921875,
                    "y": 182.77809143066406,
                    "confidence": 0.9772302508354187
                },
                {
                    "part_id": 6,
                    "part_name": "right_shoulder",
                    "x": 189.00003051757812,
                    "y": 183.84603881835938,
                    "confidence": 0.9900156855583191
                },
                {
                    "part_id": 7,
                    "part_name": "left_elbow",
                    "x": 289.5395812988281,
                    "y": 257.8905029296875,
                    "confidence": 0.7475119829177856
                },
                {
                    "part_id": 8,
                    "part_name": "right_elbow",
                    "x": 321.36761474609375,
                    "y": 254.26849365234375,
                    "confidence": 0.9723829030990601
                },
                {
                    "part_id": 9,
                    "part_name": "left_wrist",
                    "x": 431.37054443359375,
                    "y": 261.00689697265625,
                    "confidence": 0.7887277007102966
                },
                {
                    "part_id": 10,
                    "part_name": "right_wrist",
                    "x": 450.49957275390625,
                    "y": 259.61541748046875,
                    "confidence": 0.9703476428985596
                },
                {
                    "part_id": 11,
                    "part_name": "left_hip",
                    "x": 281.7576599121094,
                    "y": 388.7242126464844,
                    "confidence": 0.9075241684913635
                },
                {
                    "part_id": 12,
                    "part_name": "right_hip",
                    "x": 285.82244873046875,
                    "y": 408.480712890625,
                    "confidence": 0.9391459822654724
                },
                {
                    "part_id": 13,
                    "part_name": "left_knee",
                    "x": 416.5841064453125,
                    "y": 355.6307373046875,
                    "confidence": 0.6451141834259033
                },
                {
                    "part_id": 14,
                    "part_name": "right_knee",
                    "x": 451.2881164550781,
                    "y": 371.0133056640625,
                    "confidence": 0.8093008995056152
                },
                {
                    "part_id": 15,
                    "part_name": "left_ankle",
                    "x": 438.256103515625,
                    "y": 421.9674072265625,
                    "confidence": 0.3043310344219208
                },
                {
                    "part_id": 16,
                    "part_name": "right_ankle",
                    "x": 494.3414001464844,
                    "y": 431.80322265625,
                    "confidence": 0.41817358136177063
                }
            ]
        }
    ]
}