{
    "timestamp": "20250909_161310",
    "image_filename": "webcam_captures/images/capture_20250909_161310.jpg",
    "detected_persons": 1,
    "persons": [
        {
            "person_id": 1,
            "keypoints": [
                {
                    "part_id": 0,
                    "part_name": "nose",
                    "x": 292.79339599609375,
                    "y": 122.82281494140625,
                    "confidence": 0.9737434387207031
                },
                {
                    "part_id": 1,
                    "part_name": "left_eye",
                    "x": 292.7637634277344,
                    "y": 112.30357360839844,
                    "confidence": 0.31495943665504456
                },
                {
                    "part_id": 2,
                    "part_name": "right_eye",
                    "x": 286.0109558105469,
                    "y": 104.43022155761719,
                    "confidence": 0.9806937575340271
                },
                {
                    "part_id": 3,
                    "part_name": "left_ear",
                    "x": 262.8617248535156,
                    "y": 108.91793823242188,
                    "confidence": 0.007827356457710266
                },
                {
                    "part_id": 4,
                    "part_name": "right_ear",
                    "x": 237.37350463867188,
                    "y": 92.65634155273438,
                    "confidence": 0.9648020267486572
                },
                {
                    "part_id": 5,
                    "part_name": "left_shoulder",
                    "x": 235.6236572265625,
                    "y": 169.09915161132812,
                    "confidence": 0.9358822107315063
                },
                {
                    "part_id": 6,
                    "part_name": "right_shoulder",
                    "x": 223.33993530273438,
                    "y": 175.4644775390625,
                    "confidence": 0.9815564155578613
                },
                {
                    "part_id": 7,
                    "part_name": "left_elbow",
                    "x": 335.0853576660156,
                    "y": 222.8764190673828,
                    "confidence": 0.7820333242416382
                },
                {
                    "part_id": 8,
                    "part_name": "right_elbow",
                    "x": 341.4052429199219,
                    "y": 255.7636260986328,
                    "confidence": 0.9815115332603455
                },
                {
                    "part_id": 9,
                    "part_name": "left_wrist",
                    "x": 442.13873291015625,
                    "y": 244.10385131835938,
                    "confidence": 0.9064915776252747
                },
                {
                    "part_id": 10,
                    "part_name": "right_wrist",
                    "x": 453.2061767578125,
                    "y": 256.57275390625,
                    "confidence": 0.9889055490493774
                },
                {
                    "part_id": 11,
                    "part_name": "left_hip",
                    "x": 269.8844909667969,
                    "y": 362.17730712890625,
                    "confidence": 0.8901090025901794
                },
                {
                    "part_id": 12,
                    "part_name": "right_hip",
                    "x": 258.3044128417969,
                    "y": 377.443359375,
                    "confidence": 0.9358375072479248
                },
                {
                    "part_id": 13,
                    "part_name": "left_knee",
                    "x": 372.3751220703125,
                    "y": 308.9579772949219,
                    "confidence": 0.737784743309021
                },
                {
                    "part_id": 14,
                    "part_name": "right_knee",
                    "x": 349.1721496582031,
                    "y": 333.06781005859375,
                    "confidence": 0.8731597661972046
                },
                {
                    "part_id": 15,
                    "part_name": "left_ankle",
                    "x": 361.4662170410156,
                    "y": 397.6854553222656,
                    "confidence": 0.4772450029850006
                },
                {
                    "part_id": 16,
                    "part_name": "right_ankle",
                    "x": 349.23529052734375,
                    "y": 431.463134765625,
                    "confidence": 0.5834469199180603
                }
            ]
        }
    ]
}