{
    "timestamp": "20250909_161252",
    "image_filename": "webcam_captures/images/capture_20250909_161252.jpg",
    "detected_persons": 1,
    "persons": [
        {
            "person_id": 1,
            "keypoints": [
                {
                    "part_id": 0,
                    "part_name": "nose",
                    "x": 238.57244873046875,
                    "y": 86.69438171386719,
                    "confidence": 0.9878488779067993
                },
                {
                    "part_id": 1,
                    "part_name": "left_eye",
                    "x": 235.16233825683594,
                    "y": 76.04716491699219,
                    "confidence": 0.5567600727081299
                },
                {
                    "part_id": 2,
                    "part_name": "right_eye",
                    "x": 221.0662841796875,
                    "y": 74.88108825683594,
                    "confidence": 0.9911664128303528
                },
                {
                    "part_id": 3,
                    "part_name": "left_ear",
                    "x": 204.9923858642578,
                    "y": 91.00016784667969,
                    "confidence": 0.025067554786801338
                },
                {
                    "part_id": 4,
                    "part_name": "right_ear",
                    "x": 169.14488220214844,
                    "y": 91.97200012207031,
                    "confidence": 0.9830186367034912
                },
                {
                    "part_id": 5,
                    "part_name": "left_shoulder",
                    "x": 190.22743225097656,
                    "y": 176.17385864257812,
                    "confidence": 0.9818449020385742
                },
                {
                    "part_id": 6,
                    "part_name": "right_shoulder",
                    "x": 191.7091522216797,
                    "y": 180.69735717773438,
                    "confidence": 0.9916832447052002
                },
                {
                    "part_id": 7,
                    "part_name": "left_elbow",
                    "x": 295.43536376953125,
                    "y": 253.30020141601562,
                    "confidence": 0.7943778038024902
                },
                {
                    "part_id": 8,
                    "part_name": "right_elbow",
                    "x": 332.30096435546875,
                    "y": 252.76687622070312,
                    "confidence": 0.9766690135002136
                },
                {
                    "part_id": 9,
                    "part_name": "left_wrist",
                    "x": 427.9810485839844,
                    "y": 256.31976318359375,
                    "confidence": 0.8062757253646851
                },
                {
                    "part_id": 10,
                    "part_name": "right_wrist",
                    "x": 454.0008850097656,
                    "y": 254.34738159179688,
                    "confidence": 0.9717986583709717
                },
                {
                    "part_id": 11,
                    "part_name": "left_hip",
                    "x": 279.5708312988281,
                    "y": 383.885009765625,
                    "confidence": 0.9319002032279968
                },
                {
                    "part_id": 12,
                    "part_name": "right_hip",
                    "x": 281.4088134765625,
                    "y": 403.3589782714844,
                    "confidence": 0.9546291828155518
                },
                {
                    "part_id": 13,
                    "part_name": "left_knee",
                    "x": 407.3355712890625,
                    "y": 341.33905029296875,
                    "confidence": 0.8114038705825806
                },
                {
                    "part_id": 14,
                    "part_name": "right_knee",
                    "x": 442.730224609375,
                    "y": 352.2243347167969,
                    "confidence": 0.906105637550354
                },
                {
                    "part_id": 15,
                    "part_name": "left_ankle",
                    "x": 436.03216552734375,
                    "y": 420.86724853515625,
                    "confidence": 0.547469973564148
                },
                {
                    "part_id": 16,
                    "part_name": "right_ankle",
                    "x": 493.7911682128906,
                    "y": 419.7076416015625,
                    "confidence": 0.6649088263511658
                }
            ]
        }
    ]
}