{
    "timestamp": "20250909_161011",
    "image_filename": "webcam_captures/images/capture_20250909_161011.jpg",
    "detected_persons": 1,
    "persons": [
        {
            "person_id": 1,
            "keypoints": [
                {
                    "part_id": 0,
                    "part_name": "nose",
                    "x": 338.2047424316406,
                    "y": 95.86796569824219,
                    "confidence": 0.971224844455719
                },
                {
                    "part_id": 1,
                    "part_name": "left_eye",
                    "x": 335.6918029785156,
                    "y": 83.42483520507812,
                    "confidence": 0.26450926065444946
                },
                {
                    "part_id": 2,
                    "part_name": "right_eye",
                    "x": 327.3100280761719,
                    "y": 79.64768981933594,
                    "confidence": 0.987598717212677
                },
                {
                    "part_id": 3,
                    "part_name": "left_ear",
                    "x": 303.35699462890625,
                    "y": 83.22209167480469,
                    "confidence": 0.011339705437421799
                },
                {
                    "part_id": 4,
                    "part_name": "right_ear",
                    "x": 279.68780517578125,
                    "y": 82.06645202636719,
                    "confidence": 0.9906721711158752
                },
                {
                    "part_id": 5,
                    "part_name": "left_shoulder",
                    "x": 273.154296875,
                    "y": 156.8597412109375,
                    "confidence": 0.963779866695404
                },
                {
                    "part_id": 6,
                    "part_name": "right_shoulder",
                    "x": 249.3519287109375,
                    "y": 170.12196350097656,
                    "confidence": 0.9918002486228943
                },
                {
                    "part_id": 7,
                    "part_name": "left_elbow",
                    "x": 313.4800720214844,
                    "y": 265.14581298828125,
                    "confidence": 0.7901813387870789
                },
                {
                    "part_id": 8,
                    "part_name": "right_elbow",
                    "x": 306.1878662109375,
                    "y": 299.3045654296875,
                    "confidence": 0.9855294823646545
                },
                {
                    "part_id": 9,
                    "part_name": "left_wrist",
                    "x": 397.4978332519531,
                    "y": 273.6949768066406,
                    "confidence": 0.8442604541778564
                },
                {
                    "part_id": 10,
                    "part_name": "right_wrist",
                    "x": 407.00469970703125,
                    "y": 283.27386474609375,
                    "confidence": 0.9843155741691589
                },
                {
                    "part_id": 11,
                    "part_name": "left_hip",
                    "x": 275.61114501953125,
                    "y": 350.7673034667969,
                    "confidence": 0.9389348030090332
                },
                {
                    "part_id": 12,
                    "part_name": "right_hip",
                    "x": 253.14779663085938,
                    "y": 367.9188537597656,
                    "confidence": 0.9666919708251953
                },
                {
                    "part_id": 13,
                    "part_name": "left_knee",
                    "x": 446.050537109375,
                    "y": 376.45184326171875,
                    "confidence": 0.737533688545227
                },
                {
                    "part_id": 14,
                    "part_name": "right_knee",
                    "x": 392.2738342285156,
                    "y": 396.79425048828125,
                    "confidence": 0.8788039088249207
                },
                {
                    "part_id": 15,
                    "part_name": "left_ankle",
                    "x": 405.32635498046875,
                    "y": 456.2400817871094,
                    "confidence": 0.2704823315143585
                },
                {
                    "part_id": 16,
                    "part_name": "right_ankle",
                    "x": 334.55364990234375,
                    "y": 477.8450012207031,
                    "confidence": 0.3625957667827606
                }
            ]
        }
    ]
}