{
    "timestamp": "20250909_160940",
    "image_filename": "webcam_captures/images/capture_20250909_160940.jpg",
    "detected_persons": 1,
    "persons": [
        {
            "person_id": 1,
            "keypoints": [
                {
                    "part_id": 0,
                    "part_name": "nose",
                    "x": 316.9934997558594,
                    "y": 113.55632019042969,
                    "confidence": 0.9447762370109558
                },
                {
                    "part_id": 1,
                    "part_name": "left_eye",
                    "x": 318.03369140625,
                    "y": 101.18228149414062,
                    "confidence": 0.21109455823898315
                },
                {
                    "part_id": 2,
                    "part_name": "right_eye",
                    "x": 309.4219970703125,
                    "y": 94.26443481445312,
                    "confidence": 0.9727839827537537
                },
                {
                    "part_id": 3,
                    "part_name": "left_ear",
                    "x": 278.94964599609375,
                    "y": 91.38160705566406,
                    "confidence": 0.025289691984653473
                },
                {
                    "part_id": 4,
                    "part_name": "right_ear",
                    "x": 263.61279296875,
                    "y": 82.30616760253906,
                    "confidence": 0.9786825180053711
                },
                {
                    "part_id": 5,
                    "part_name": "left_shoulder",
                    "x": 238.17343139648438,
                    "y": 155.89434814453125,
                    "confidence": 0.9571163654327393
                },
                {
                    "part_id": 6,
                    "part_name": "right_shoulder",
                    "x": 229.68844604492188,
                    "y": 168.23297119140625,
                    "confidence": 0.981602132320404
                },
                {
                    "part_id": 7,
                    "part_name": "left_elbow",
                    "x": 312.6148681640625,
                    "y": 245.7841796875,
                    "confidence": 0.7308306097984314
                },
                {
                    "part_id": 8,
                    "part_name": "right_elbow",
                    "x": 315.617431640625,
                    "y": 283.2681579589844,
                    "confidence": 0.961329996585846
                },
                {
                    "part_id": 9,
                    "part_name": "left_wrist",
                    "x": 422.7471008300781,
                    "y": 248.01626586914062,
                    "confidence": 0.7806478142738342
                },
                {
                    "part_id": 10,
                    "part_name": "right_wrist",
                    "x": 434.183837890625,
                    "y": 257.5237121582031,
                    "confidence": 0.9574317336082458
                },
                {
                    "part_id": 11,
                    "part_name": "left_hip",
                    "x": 237.09585571289062,
                    "y": 352.11407470703125,
                    "confidence": 0.905305802822113
                },
                {
                    "part_id": 12,
                    "part_name": "right_hip",
                    "x": 233.7646484375,
                    "y": 372.5615234375,
                    "confidence": 0.9306265115737915
                },
                {
                    "part_id": 13,
                    "part_name": "left_knee",
                    "x": 421.390869140625,
                    "y": 399.4125671386719,
                    "confidence": 0.6467341780662537
                },
                {
                    "part_id": 14,
                    "part_name": "right_knee",
                    "x": 420.5125732421875,
                    "y": 421.14813232421875,
                    "confidence": 0.8032904267311096
                },
                {
                    "part_id": 15,
                    "part_name": "left_ankle",
                    "x": 412.6468811035156,
                    "y": 449.5228271484375,
                    "confidence": 0.20746178925037384
                },
                {
                    "part_id": 16,
                    "part_name": "right_ankle",
                    "x": 428.46148681640625,
                    "y": 480.0,
                    "confidence": 0.2755756378173828
                }
            ]
        }
    ]
}