{
    "timestamp": "20250909_161220",
    "image_filename": "webcam_captures/images/capture_20250909_161220.jpg",
    "detected_persons": 1,
    "persons": [
        {
            "person_id": 1,
            "keypoints": [
                {
                    "part_id": 0,
                    "part_name": "nose",
                    "x": 318.3450622558594,
                    "y": 98.09477233886719,
                    "confidence": 0.9847379922866821
                },
                {
                    "part_id": 1,
                    "part_name": "left_eye",
                    "x": 316.6705322265625,
                    "y": 84.71192932128906,
                    "confidence": 0.3197980225086212
                },
                {
                    "part_id": 2,
                    "part_name": "right_eye",
                    "x": 309.11077880859375,
                    "y": 78.93925476074219,
                    "confidence": 0.9935086965560913
                },
                {
                    "part_id": 3,
                    "part_name": "left_ear",
                    "x": 274.234130859375,
                    "y": 84.91566467285156,
                    "confidence": 0.014941259287297726
                },
                {
                    "part_id": 4,
                    "part_name": "right_ear",
                    "x": 254.0485382080078,
                    "y": 78.55012512207031,
                    "confidence": 0.9947892427444458
                },
                {
                    "part_id": 5,
                    "part_name": "left_shoulder",
                    "x": 229.03306579589844,
                    "y": 169.24539184570312,
                    "confidence": 0.9839367866516113
                },
                {
                    "part_id": 6,
                    "part_name": "right_shoulder",
                    "x": 236.20021057128906,
                    "y": 192.83062744140625,
                    "confidence": 0.9951761960983276
                },
                {
                    "part_id": 7,
                    "part_name": "left_elbow",
                    "x": 318.6128234863281,
                    "y": 256.531005859375,
                    "confidence": 0.8276583552360535
                },
                {
                    "part_id": 8,
                    "part_name": "right_elbow",
                    "x": 342.43072509765625,
                    "y": 309.36724853515625,
                    "confidence": 0.984321117401123
                },
                {
                    "part_id": 9,
                    "part_name": "left_wrist",
                    "x": 431.1558837890625,
                    "y": 273.827880859375,
                    "confidence": 0.840262770652771
                },
                {
                    "part_id": 10,
                    "part_name": "right_wrist",
                    "x": 448.657958984375,
                    "y": 286.8739929199219,
                    "confidence": 0.9777922630310059
                },
                {
                    "part_id": 11,
                    "part_name": "left_hip",
                    "x": 271.81597900390625,
                    "y": 384.3912353515625,
                    "confidence": 0.9132913947105408
                },
                {
                    "part_id": 12,
                    "part_name": "right_hip",
                    "x": 276.6003112792969,
                    "y": 412.25372314453125,
                    "confidence": 0.9402214884757996
                },
                {
                    "part_id": 13,
                    "part_name": "left_knee",
                    "x": 457.0278015136719,
                    "y": 363.9057312011719,
                    "confidence": 0.580406665802002
                },
                {
                    "part_id": 14,
                    "part_name": "right_knee",
                    "x": 459.14227294921875,
                    "y": 400.620361328125,
                    "confidence": 0.7474780082702637
                },
                {
                    "part_id": 15,
                    "part_name": "left_ankle",
                    "x": 452.19049072265625,
                    "y": 426.1385498046875,
                    "confidence": 0.17405256628990173
                },
                {
                    "part_id": 16,
                    "part_name": "right_ankle",
                    "x": 469.5260314941406,
                    "y": 469.56768798828125,
                    "confidence": 0.21964514255523682
                }
            ]
        }
    ]
}