{
    "timestamp": "20250909_160515",
    "image_filename": "webcam_captures/images/capture_20250909_160515.jpg",
    "detected_persons": 1,
    "persons": [
        {
            "person_id": 1,
            "keypoints": [
                {
                    "part_id": 0,
                    "part_name": "nose",
                    "x": 245.38150024414062,
                    "y": 98.14016723632812,
                    "confidence": 0.9593770503997803
                },
                {
                    "part_id": 1,
                    "part_name": "left_eye",
                    "x": 244.81423950195312,
                    "y": 87.00665283203125,
                    "confidence": 0.15303198993206024
                },
                {
                    "part_id": 2,
                    "part_name": "right_eye",
                    "x": 239.30455017089844,
                    "y": 79.83805847167969,
                    "confidence": 0.9813491702079773
                },
                {
                    "part_id": 3,
                    "part_name": "left_ear",
                    "x": 202.3553466796875,
                    "y": 86.3636474609375,
                    "confidence": 0.009136172942817211
                },
                {
                    "part_id": 4,
                    "part_name": "right_ear",
                    "x": 187.87416076660156,
                    "y": 75.67730712890625,
                    "confidence": 0.9924482107162476
                },
                {
                    "part_id": 5,
                    "part_name": "left_shoulder",
                    "x": 155.23272705078125,
                    "y": 162.07472229003906,
                    "confidence": 0.9752163290977478
                },
                {
                    "part_id": 6,
                    "part_name": "right_shoulder",
                    "x": 142.30206298828125,
                    "y": 175.9147186279297,
                    "confidence": 0.9928171634674072
                },
                {
                    "part_id": 7,
                    "part_name": "left_elbow",
                    "x": 211.1126708984375,
                    "y": 268.711181640625,
                    "confidence": 0.8412007689476013
                },
                {
                    "part_id": 8,
                    "part_name": "right_elbow",
                    "x": 207.9818115234375,
                    "y": 313.36968994140625,
                    "confidence": 0.9767907857894897
                },
                {
                    "part_id": 9,
                    "part_name": "left_wrist",
                    "x": 300.97998046875,
                    "y": 268.0234680175781,
                    "confidence": 0.8012865781784058
                },
                {
                    "part_id": 10,
                    "part_name": "right_wrist",
                    "x": 315.2731018066406,
                    "y": 280.21478271484375,
                    "confidence": 0.9533756971359253
                },
                {
                    "part_id": 11,
                    "part_name": "left_hip",
                    "x": 155.9609832763672,
                    "y": 406.6347961425781,
                    "confidence": 0.7868745923042297
                },
                {
                    "part_id": 12,
                    "part_name": "right_hip",
                    "x": 142.38131713867188,
                    "y": 424.7042236328125,
                    "confidence": 0.8285229206085205
                },
                {
                    "part_id": 13,
                    "part_name": "left_knee",
                    "x": 296.3310241699219,
                    "y": 420.82293701171875,
                    "confidence": 0.09388721734285355
                },
                {
                    "part_id": 14,
                    "part_name": "right_knee",
                    "x": 278.43939208984375,
                    "y": 436.63775634765625,
                    "confidence": 0.1307971030473709
                },
                {
                    "part_id": 15,
                    "part_name": "left_ankle",
                    "x": 291.75946044921875,
                    "y": 438.6557312011719,
                    "confidence": 0.009643156081438065
                },
                {
                    "part_id": 16,
                    "part_name": "right_ankle",
                    "x": 292.5414733886719,
                    "y": 444.4382629394531,
                    "confidence": 0.009509784169495106
                }
            ]
        }
    ]
}