{
    "timestamp": "20250909_160514",
    "image_filename": "webcam_captures/images/capture_20250909_160514.jpg",
    "detected_persons": 1,
    "persons": [
        {
            "person_id": 1,
            "keypoints": [
                {
                    "part_id": 0,
                    "part_name": "nose",
                    "x": 249.88641357421875,
                    "y": 110.265380859375,
                    "confidence": 0.9595776796340942
                },
                {
                    "part_id": 1,
                    "part_name": "left_eye",
                    "x": 251.543701171875,
                    "y": 97.79132080078125,
                    "confidence": 0.19212044775485992
                },
                {
                    "part_id": 2,
                    "part_name": "right_eye",
                    "x": 246.00389099121094,
                    "y": 90.0919189453125,
                    "confidence": 0.980759859085083
                },
                {
                    "part_id": 3,
                    "part_name": "left_ear",
                    "x": 209.95791625976562,
                    "y": 89.69979858398438,
                    "confidence": 0.015228236094117165
                },
                {
                    "part_id": 4,
                    "part_name": "right_ear",
                    "x": 199.28306579589844,
                    "y": 76.91494750976562,
                    "confidence": 0.9886888861656189
                },
                {
                    "part_id": 5,
                    "part_name": "left_shoulder",
                    "x": 161.47122192382812,
                    "y": 162.46437072753906,
                    "confidence": 0.9473912119865417
                },
                {
                    "part_id": 6,
                    "part_name": "right_shoulder",
                    "x": 151.93687438964844,
                    "y": 172.99386596679688,
                    "confidence": 0.9884316921234131
                },
                {
                    "part_id": 7,
                    "part_name": "left_elbow",
                    "x": 208.59725952148438,
                    "y": 262.7178039550781,
                    "confidence": 0.7124565839767456
                },
                {
                    "part_id": 8,
                    "part_name": "right_elbow",
                    "x": 207.88055419921875,
                    "y": 302.39849853515625,
                    "confidence": 0.9691879749298096
                },
                {
                    "part_id": 9,
                    "part_name": "left_wrist",
                    "x": 300.50738525390625,
                    "y": 268.489013671875,
                    "confidence": 0.8174983263015747
                },
                {
                    "part_id": 10,
                    "part_name": "right_wrist",
                    "x": 316.59521484375,
                    "y": 278.645263671875,
                    "confidence": 0.9673145413398743
                },
                {
                    "part_id": 11,
                    "part_name": "left_hip",
                    "x": 147.55377197265625,
                    "y": 391.276123046875,
                    "confidence": 0.7053607702255249
                },
                {
                    "part_id": 12,
                    "part_name": "right_hip",
                    "x": 138.44212341308594,
                    "y": 405.893310546875,
                    "confidence": 0.80576092004776
                },
                {
                    "part_id": 13,
                    "part_name": "left_knee",
                    "x": 255.71766662597656,
                    "y": 417.9249267578125,
                    "confidence": 0.10482264310121536
                },
                {
                    "part_id": 14,
                    "part_name": "right_knee",
                    "x": 234.98141479492188,
                    "y": 434.5205383300781,
                    "confidence": 0.17939184606075287
                },
                {
                    "part_id": 15,
                    "part_name": "left_ankle",
                    "x": 250.76625061035156,
                    "y": 462.4925537109375,
                    "confidence": 0.013085247948765755
                },
                {
                    "part_id": 16,
                    "part_name": "right_ankle",
                    "x": 239.32498168945312,
                    "y": 478.9165954589844,
                    "confidence": 0.015271523036062717
                }
            ]
        }
    ]
}