{
    "timestamp": "20250909_160502",
    "image_filename": "webcam_captures/images/capture_20250909_160502.jpg",
    "detected_persons": 1,
    "persons": [
        {
            "person_id": 1,
            "keypoints": [
                {
                    "part_id": 0,
                    "part_name": "nose",
                    "x": 336.5114440917969,
                    "y": 152.45875549316406,
                    "confidence": 0.9240692257881165
                },
                {
                    "part_id": 1,
                    "part_name": "left_eye",
                    "x": 338.7814636230469,
                    "y": 146.15487670898438,
                    "confidence": 0.0839465856552124
                },
                {
                    "part_id": 2,
                    "part_name": "right_eye",
                    "x": 339.42596435546875,
                    "y": 134.0675048828125,
                    "confidence": 0.9711759686470032
                },
                {
                    "part_id": 3,
                    "part_name": "left_ear",
                    "x": 290.88250732421875,
                    "y": 127.23016357421875,
                    "confidence": 0.012402273714542389
                },
                {
                    "part_id": 4,
                    "part_name": "right_ear",
                    "x": 300.4837341308594,
                    "y": 105.61978149414062,
                    "confidence": 0.9918089509010315
                },
                {
                    "part_id": 5,
                    "part_name": "left_shoulder",
                    "x": 236.14878845214844,
                    "y": 164.00946044921875,
                    "confidence": 0.952084481716156
                },
                {
                    "part_id": 6,
                    "part_name": "right_shoulder",
                    "x": 231.44580078125,
                    "y": 172.13348388671875,
                    "confidence": 0.9923048615455627
                },
                {
                    "part_id": 7,
                    "part_name": "left_elbow",
                    "x": 280.9383544921875,
                    "y": 258.06182861328125,
                    "confidence": 0.7417877912521362
                },
                {
                    "part_id": 8,
                    "part_name": "right_elbow",
                    "x": 279.1310729980469,
                    "y": 302.1002197265625,
                    "confidence": 0.982833981513977
                },
                {
                    "part_id": 9,
                    "part_name": "left_wrist",
                    "x": 371.7084045410156,
                    "y": 272.4974365234375,
                    "confidence": 0.8011302947998047
                },
                {
                    "part_id": 10,
                    "part_name": "right_wrist",
                    "x": 381.341552734375,
                    "y": 281.369873046875,
                    "confidence": 0.9715836048126221
                },
                {
                    "part_id": 11,
                    "part_name": "left_hip",
                    "x": 196.1639404296875,
                    "y": 381.5817565917969,
                    "confidence": 0.7980985641479492
                },
                {
                    "part_id": 12,
                    "part_name": "right_hip",
                    "x": 192.5904998779297,
                    "y": 395.381103515625,
                    "confidence": 0.8805668950080872
                },
                {
                    "part_id": 13,
                    "part_name": "left_knee",
                    "x": 344.1741943359375,
                    "y": 381.2740478515625,
                    "confidence": 0.29643714427948
                },
                {
                    "part_id": 14,
                    "part_name": "right_knee",
                    "x": 329.1088562011719,
                    "y": 398.0845947265625,
                    "confidence": 0.4865108132362366
                },
                {
                    "part_id": 15,
                    "part_name": "left_ankle",
                    "x": 320.22430419921875,
                    "y": 440.30584716796875,
                    "confidence": 0.06603936105966568
                },
                {
                    "part_id": 16,
                    "part_name": "right_ankle",
                    "x": 340.17724609375,
                    "y": 469.30780029296875,
                    "confidence": 0.08506300300359726
                }
            ]
        }
    ]
}