{
    "timestamp": "20250909_160519",
    "image_filename": "webcam_captures/images/capture_20250909_160519.jpg",
    "detected_persons": 1,
    "persons": [
        {
            "person_id": 1,
            "keypoints": [
                {
                    "part_id": 0,
                    "part_name": "nose",
                    "x": 250.75418090820312,
                    "y": 94.76547241210938,
                    "confidence": 0.9799643158912659
                },
                {
                    "part_id": 1,
                    "part_name": "left_eye",
                    "x": 248.77735900878906,
                    "y": 80.80409240722656,
                    "confidence": 0.327195942401886
                },
                {
                    "part_id": 2,
                    "part_name": "right_eye",
                    "x": 239.62261962890625,
                    "y": 78.49104309082031,
                    "confidence": 0.9899147748947144
                },
                {
                    "part_id": 3,
                    "part_name": "left_ear",
                    "x": 212.81719970703125,
                    "y": 85.24052429199219,
                    "confidence": 0.014669560827314854
                },
                {
                    "part_id": 4,
                    "part_name": "right_ear",
                    "x": 190.07188415527344,
                    "y": 85.75653076171875,
                    "confidence": 0.9913660287857056
                },
                {
                    "part_id": 5,
                    "part_name": "left_shoulder",
                    "x": 174.03878784179688,
                    "y": 175.6533203125,
                    "confidence": 0.9625561833381653
                },
                {
                    "part_id": 6,
                    "part_name": "right_shoulder",
                    "x": 172.52845764160156,
                    "y": 189.95167541503906,
                    "confidence": 0.9909113049507141
                },
                {
                    "part_id": 7,
                    "part_name": "left_elbow",
                    "x": 231.43972778320312,
                    "y": 292.7762756347656,
                    "confidence": 0.7410940527915955
                },
                {
                    "part_id": 8,
                    "part_name": "right_elbow",
                    "x": 242.66258239746094,
                    "y": 326.3759765625,
                    "confidence": 0.9729917049407959
                },
                {
                    "part_id": 9,
                    "part_name": "left_wrist",
                    "x": 330.509765625,
                    "y": 292.459228515625,
                    "confidence": 0.7770751714706421
                },
                {
                    "part_id": 10,
                    "part_name": "right_wrist",
                    "x": 345.2283935546875,
                    "y": 302.3447570800781,
                    "confidence": 0.9619737267494202
                },
                {
                    "part_id": 11,
                    "part_name": "left_hip",
                    "x": 185.99041748046875,
                    "y": 429.6630859375,
                    "confidence": 0.6124410629272461
                },
                {
                    "part_id": 12,
                    "part_name": "right_hip",
                    "x": 175.61367797851562,
                    "y": 446.10272216796875,
                    "confidence": 0.7260119318962097
                },
                {
                    "part_id": 13,
                    "part_name": "left_knee",
                    "x": 299.4167175292969,
                    "y": 449.11358642578125,
                    "confidence": 0.028195993974804878
                },
                {
                    "part_id": 14,
                    "part_name": "right_knee",
                    "x": 283.5884704589844,
                    "y": 463.1540832519531,
                    "confidence": 0.049411267042160034
                },
                {
                    "part_id": 15,
                    "part_name": "left_ankle",
                    "x": 301.8887023925781,
                    "y": 466.4361877441406,
                    "confidence": 0.0027718867640942335
                },
                {
                    "part_id": 16,
                    "part_name": "right_ankle",
                    "x": 274.79241943359375,
                    "y": 462.35955810546875,
                    "confidence": 0.0031923723872750998
                }
            ]
        }
    ]
}