{
    "timestamp": "20250909_160503",
    "image_filename": "webcam_captures/images/capture_20250909_160503.jpg",
    "detected_persons": 1,
    "persons": [
        {
            "person_id": 1,
            "keypoints": [
                {
                    "part_id": 0,
                    "part_name": "nose",
                    "x": 353.9173583984375,
                    "y": 154.21835327148438,
                    "confidence": 0.9296308159828186
                },
                {
                    "part_id": 1,
                    "part_name": "left_eye",
                    "x": 356.9909362792969,
                    "y": 146.23043823242188,
                    "confidence": 0.13896481692790985
                },
                {
                    "part_id": 2,
                    "part_name": "right_eye",
                    "x": 357.46795654296875,
                    "y": 135.63099670410156,
                    "confidence": 0.9704158902168274
                },
                {
                    "part_id": 3,
                    "part_name": "left_ear",
                    "x": 308.797607421875,
                    "y": 121.64825439453125,
                    "confidence": 0.0265416968613863
                },
                {
                    "part_id": 4,
                    "part_name": "right_ear",
                    "x": 320.9027404785156,
                    "y": 102.34109497070312,
                    "confidence": 0.9875890612602234
                },
                {
                    "part_id": 5,
                    "part_name": "left_shoulder",
                    "x": 254.86700439453125,
                    "y": 158.94619750976562,
                    "confidence": 0.9313060641288757
                },
                {
                    "part_id": 6,
                    "part_name": "right_shoulder",
                    "x": 250.40411376953125,
                    "y": 170.79563903808594,
                    "confidence": 0.9858276844024658
                },
                {
                    "part_id": 7,
                    "part_name": "left_elbow",
                    "x": 293.9589538574219,
                    "y": 253.5698699951172,
                    "confidence": 0.6717967987060547
                },
                {
                    "part_id": 8,
                    "part_name": "right_elbow",
                    "x": 288.88397216796875,
                    "y": 301.1670837402344,
                    "confidence": 0.9605270028114319
                },
                {
                    "part_id": 9,
                    "part_name": "left_wrist",
                    "x": 383.23004150390625,
                    "y": 271.7760314941406,
                    "confidence": 0.7723363637924194
                },
                {
                    "part_id": 10,
                    "part_name": "right_wrist",
                    "x": 399.9656982421875,
                    "y": 280.7210998535156,
                    "confidence": 0.9483516812324524
                },
                {
                    "part_id": 11,
                    "part_name": "left_hip",
                    "x": 222.291259765625,
                    "y": 372.369384765625,
                    "confidence": 0.6341421008110046
                },
                {
                    "part_id": 12,
                    "part_name": "right_hip",
                    "x": 219.708251953125,
                    "y": 388.57275390625,
                    "confidence": 0.7423986792564392
                },
                {
                    "part_id": 13,
                    "part_name": "left_knee",
                    "x": 344.20928955078125,
                    "y": 394.89093017578125,
                    "confidence": 0.11777476966381073
                },
                {
                    "part_id": 14,
                    "part_name": "right_knee",
                    "x": 321.69110107421875,
                    "y": 416.59173583984375,
                    "confidence": 0.19344905018806458
                },
                {
                    "part_id": 15,
                    "part_name": "left_ankle",
                    "x": 351.7303466796875,
                    "y": 444.707763671875,
                    "confidence": 0.01982348971068859
                },
                {
                    "part_id": 16,
                    "part_name": "right_ankle",
                    "x": 351.829345703125,
                    "y": 478.1427001953125,
                    "confidence": 0.022454043850302696
                }
            ]
        }
    ]
}