{
    "timestamp": "20250909_161029",
    "image_filename": "webcam_captures/images/capture_20250909_161029.jpg",
    "detected_persons": 1,
    "persons": [
        {
            "person_id": 1,
            "keypoints": [
                {
                    "part_id": 0,
                    "part_name": "nose",
                    "x": 392.9229431152344,
                    "y": 111.16494750976562,
                    "confidence": 0.8943348526954651
                },
                {
                    "part_id": 1,
                    "part_name": "left_eye",
                    "x": 387.1259765625,
                    "y": 98.00398254394531,
                    "confidence": 0.08008349686861038
                },
                {
                    "part_id": 2,
                    "part_name": "right_eye",
                    "x": 385.44989013671875,
                    "y": 91.57252502441406,
                    "confidence": 0.9356354475021362
                },
                {
                    "part_id": 3,
                    "part_name": "left_ear",
                    "x": 333.7943420410156,
                    "y": 101.23329162597656,
                    "confidence": 0.010796050541102886
                },
                {
                    "part_id": 4,
                    "part_name": "right_ear",
                    "x": 336.33489990234375,
                    "y": 94.51788330078125,
                    "confidence": 0.9702869653701782
                },
                {
                    "part_id": 5,
                    "part_name": "left_shoulder",
                    "x": 289.089599609375,
                    "y": 197.35723876953125,
                    "confidence": 0.9219352602958679
                },
                {
                    "part_id": 6,
                    "part_name": "right_shoulder",
                    "x": 329.8875732421875,
                    "y": 213.8939971923828,
                    "confidence": 0.9762416481971741
                },
                {
                    "part_id": 7,
                    "part_name": "left_elbow",
                    "x": 381.05279541015625,
                    "y": 297.9329833984375,
                    "confidence": 0.6369816660881042
                },
                {
                    "part_id": 8,
                    "part_name": "right_elbow",
                    "x": 434.5029296875,
                    "y": 339.2189025878906,
                    "confidence": 0.958256185054779
                },
                {
                    "part_id": 9,
                    "part_name": "left_wrist",
                    "x": 506.12738037109375,
                    "y": 285.1760559082031,
                    "confidence": 0.753555178642273
                },
                {
                    "part_id": 10,
                    "part_name": "right_wrist",
                    "x": 532.1411743164062,
                    "y": 295.0862121582031,
                    "confidence": 0.9595634341239929
                },
                {
                    "part_id": 11,
                    "part_name": "left_hip",
                    "x": 331.845703125,
                    "y": 444.86236572265625,
                    "confidence": 0.5437352061271667
                },
                {
                    "part_id": 12,
                    "part_name": "right_hip",
                    "x": 357.25201416015625,
                    "y": 465.6317138671875,
                    "confidence": 0.6556714177131653
                },
                {
                    "part_id": 13,
                    "part_name": "left_knee",
                    "x": 485.3528747558594,
                    "y": 429.43304443359375,
                    "confidence": 0.046614184975624084
                },
                {
                    "part_id": 14,
                    "part_name": "right_knee",
                    "x": 508.98590087890625,
                    "y": 443.87591552734375,
                    "confidence": 0.0921446904540062
                },
                {
                    "part_id": 15,
                    "part_name": "left_ankle",
                    "x": 488.6566162109375,
                    "y": 456.6844482421875,
                    "confidence": 0.0066342526115477085
                },
                {
                    "part_id": 16,
                    "part_name": "right_ankle",
                    "x": 508.43988037109375,
                    "y": 462.3946838378906,
                    "confidence": 0.008881079033017159
                }
            ]
        }
    ]
}