{
    "timestamp": "20250909_161157",
    "image_filename": "webcam_captures/images/capture_20250909_161157.jpg",
    "detected_persons": 1,
    "persons": [
        {
            "person_id": 1,
            "keypoints": [
                {
                    "part_id": 0,
                    "part_name": "nose",
                    "x": 337.84521484375,
                    "y": 98.82756042480469,
                    "confidence": 0.9328451156616211
                },
                {
                    "part_id": 1,
                    "part_name": "left_eye",
                    "x": 336.5422058105469,
                    "y": 83.84091186523438,
                    "confidence": 0.08625227957963943
                },
                {
                    "part_id": 2,
                    "part_name": "right_eye",
                    "x": 331.9588317871094,
                    "y": 76.26429748535156,
                    "confidence": 0.971137285232544
                },
                {
                    "part_id": 3,
                    "part_name": "left_ear",
                    "x": 283.003173828125,
                    "y": 80.04718017578125,
                    "confidence": 0.009369759820401669
                },
                {
                    "part_id": 4,
                    "part_name": "right_ear",
                    "x": 277.0978088378906,
                    "y": 70.76057434082031,
                    "confidence": 0.986396312713623
                },
                {
                    "part_id": 5,
                    "part_name": "left_shoulder",
                    "x": 220.0440216064453,
                    "y": 172.30657958984375,
                    "confidence": 0.9411007761955261
                },
                {
                    "part_id": 6,
                    "part_name": "right_shoulder",
                    "x": 244.2375030517578,
                    "y": 191.7733154296875,
                    "confidence": 0.9836524724960327
                },
                {
                    "part_id": 7,
                    "part_name": "left_elbow",
                    "x": 297.05194091796875,
                    "y": 269.5483703613281,
                    "confidence": 0.7019743919372559
                },
                {
                    "part_id": 8,
                    "part_name": "right_elbow",
                    "x": 326.39642333984375,
                    "y": 316.7165222167969,
                    "confidence": 0.970535397529602
                },
                {
                    "part_id": 9,
                    "part_name": "left_wrist",
                    "x": 411.1708679199219,
                    "y": 298.79168701171875,
                    "confidence": 0.8361311554908752
                },
                {
                    "part_id": 10,
                    "part_name": "right_wrist",
                    "x": 443.6531982421875,
                    "y": 304.2724609375,
                    "confidence": 0.9764788150787354
                },
                {
                    "part_id": 11,
                    "part_name": "left_hip",
                    "x": 233.27903747558594,
                    "y": 403.5382995605469,
                    "confidence": 0.7298080921173096
                },
                {
                    "part_id": 12,
                    "part_name": "right_hip",
                    "x": 248.77566528320312,
                    "y": 429.3721618652344,
                    "confidence": 0.8111132383346558
                },
                {
                    "part_id": 13,
                    "part_name": "left_knee",
                    "x": 426.41943359375,
                    "y": 378.76116943359375,
                    "confidence": 0.21564967930316925
                },
                {
                    "part_id": 14,
                    "part_name": "right_knee",
                    "x": 428.501220703125,
                    "y": 413.61346435546875,
                    "confidence": 0.37613996863365173
                },
                {
                    "part_id": 15,
                    "part_name": "left_ankle",
                    "x": 423.20489501953125,
                    "y": 420.984130859375,
                    "confidence": 0.047252997756004333
                },
                {
                    "part_id": 16,
                    "part_name": "right_ankle",
                    "x": 430.9106750488281,
                    "y": 464.59674072265625,
                    "confidence": 0.06093590334057808
                }
            ]
        }
    ]
}