{
    "timestamp": "20250909_161133",
    "image_filename": "webcam_captures/images/capture_20250909_161133.jpg",
    "detected_persons": 1,
    "persons": [
        {
            "person_id": 1,
            "keypoints": [
                {
                    "part_id": 0,
                    "part_name": "nose",
                    "x": 459.9433288574219,
                    "y": 130.52838134765625,
                    "confidence": 0.9444013237953186
                },
                {
                    "part_id": 1,
                    "part_name": "left_eye",
                    "x": 458.983642578125,
                    "y": 118.52252197265625,
                    "confidence": 0.09809599071741104
                },
                {
                    "part_id": 2,
                    "part_name": "right_eye",
                    "x": 454.2408447265625,
                    "y": 115.12908935546875,
                    "confidence": 0.9855802059173584
                },
                {
                    "part_id": 3,
                    "part_name": "left_ear",
                    "x": 410.50018310546875,
                    "y": 109.6654052734375,
                    "confidence": 0.00932995229959488
                },
                {
                    "part_id": 4,
                    "part_name": "right_ear",
                    "x": 404.71258544921875,
                    "y": 109.52366638183594,
                    "confidence": 0.9970995187759399
                },
                {
                    "part_id": 5,
                    "part_name": "left_shoulder",
                    "x": 341.66162109375,
                    "y": 156.93911743164062,
                    "confidence": 0.967888593673706
                },
                {
                    "part_id": 6,
                    "part_name": "right_shoulder",
                    "x": 334.71478271484375,
                    "y": 180.14385986328125,
                    "confidence": 0.9954714775085449
                },
                {
                    "part_id": 7,
                    "part_name": "left_elbow",
                    "x": 349.4085693359375,
                    "y": 256.4187927246094,
                    "confidence": 0.7433411478996277
                },
                {
                    "part_id": 8,
                    "part_name": "right_elbow",
                    "x": 330.4773864746094,
                    "y": 314.3137512207031,
                    "confidence": 0.9795075058937073
                },
                {
                    "part_id": 9,
                    "part_name": "left_wrist",
                    "x": 408.5162048339844,
                    "y": 267.58062744140625,
                    "confidence": 0.7453727126121521
                },
                {
                    "part_id": 10,
                    "part_name": "right_wrist",
                    "x": 432.12078857421875,
                    "y": 283.72113037109375,
                    "confidence": 0.9623528122901917
                },
                {
                    "part_id": 11,
                    "part_name": "left_hip",
                    "x": 275.5835266113281,
                    "y": 357.07476806640625,
                    "confidence": 0.8859853744506836
                },
                {
                    "part_id": 12,
                    "part_name": "right_hip",
                    "x": 269.86669921875,
                    "y": 378.6036071777344,
                    "confidence": 0.9309512376785278
                },
                {
                    "part_id": 13,
                    "part_name": "left_knee",
                    "x": 436.5742492675781,
                    "y": 382.4798278808594,
                    "confidence": 0.42302531003952026
                },
                {
                    "part_id": 14,
                    "part_name": "right_knee",
                    "x": 438.67706298828125,
                    "y": 413.1767272949219,
                    "confidence": 0.5953218340873718
                },
                {
                    "part_id": 15,
                    "part_name": "left_ankle",
                    "x": 393.1638488769531,
                    "y": 440.4094543457031,
                    "confidence": 0.07869832217693329
                },
                {
                    "part_id": 16,
                    "part_name": "right_ankle",
                    "x": 420.4307861328125,
                    "y": 470.4982604980469,
                    "confidence": 0.08931410312652588
                }
            ]
        }
    ]
}