{
    "timestamp": "20250909_161134",
    "image_filename": "webcam_captures/images/capture_20250909_161134.jpg",
    "detected_persons": 1,
    "persons": [
        {
            "person_id": 1,
            "keypoints": [
                {
                    "part_id": 0,
                    "part_name": "nose",
                    "x": 453.7657775878906,
                    "y": 136.83766174316406,
                    "confidence": 0.9326357245445251
                },
                {
                    "part_id": 1,
                    "part_name": "left_eye",
                    "x": 453.19769287109375,
                    "y": 124.13821411132812,
                    "confidence": 0.09143972396850586
                },
                {
                    "part_id": 2,
                    "part_name": "right_eye",
                    "x": 447.88104248046875,
                    "y": 121.43637084960938,
                    "confidence": 0.9789174795150757
                },
                {
                    "part_id": 3,
                    "part_name": "left_ear",
                    "x": 407.73779296875,
                    "y": 115.76637268066406,
                    "confidence": 0.008725453168153763
                },
                {
                    "part_id": 4,
                    "part_name": "right_ear",
                    "x": 398.39434814453125,
                    "y": 115.755615234375,
                    "confidence": 0.9958296418190002
                },
                {
                    "part_id": 5,
                    "part_name": "left_shoulder",
                    "x": 343.10595703125,
                    "y": 163.97918701171875,
                    "confidence": 0.9707593321800232
                },
                {
                    "part_id": 6,
                    "part_name": "right_shoulder",
                    "x": 329.7186279296875,
                    "y": 184.2632598876953,
                    "confidence": 0.9954591989517212
                },
                {
                    "part_id": 7,
                    "part_name": "left_elbow",
                    "x": 337.0954895019531,
                    "y": 260.22357177734375,
                    "confidence": 0.7919538021087646
                },
                {
                    "part_id": 8,
                    "part_name": "right_elbow",
                    "x": 321.2586364746094,
                    "y": 314.2326965332031,
                    "confidence": 0.9783948659896851
                },
                {
                    "part_id": 9,
                    "part_name": "left_wrist",
                    "x": 394.2141418457031,
                    "y": 270.9898986816406,
                    "confidence": 0.7839980125427246
                },
                {
                    "part_id": 10,
                    "part_name": "right_wrist",
                    "x": 419.03656005859375,
                    "y": 291.24334716796875,
                    "confidence": 0.9575377106666565
                },
                {
                    "part_id": 11,
                    "part_name": "left_hip",
                    "x": 274.5242919921875,
                    "y": 367.0128173828125,
                    "confidence": 0.904310941696167
                },
                {
                    "part_id": 12,
                    "part_name": "right_hip",
                    "x": 263.32293701171875,
                    "y": 382.8275146484375,
                    "confidence": 0.9372541308403015
                },
                {
                    "part_id": 13,
                    "part_name": "left_knee",
                    "x": 379.28271484375,
                    "y": 407.7001037597656,
                    "confidence": 0.31034818291664124
                },
                {
                    "part_id": 14,
                    "part_name": "right_knee",
                    "x": 375.6739196777344,
                    "y": 423.6651611328125,
                    "confidence": 0.4086129367351532
                },
                {
                    "part_id": 15,
                    "part_name": "left_ankle",
                    "x": 341.2939147949219,
                    "y": 456.6753234863281,
                    "confidence": 0.038676440715789795
                },
                {
                    "part_id": 16,
                    "part_name": "right_ankle",
                    "x": 359.40618896484375,
                    "y": 460.3145751953125,
                    "confidence": 0.03781143203377724
                }
            ]
        }
    ]
}