{
    "timestamp": "20250909_160355",
    "image_filename": "webcam_captures/images/capture_20250909_160355.jpg",
    "detected_persons": 1,
    "persons": [
        {
            "person_id": 1,
            "keypoints": [
                {
                    "part_id": 0,
                    "part_name": "nose",
                    "x": 316.6996154785156,
                    "y": 85.544677734375,
                    "confidence": 0.9764153361320496
                },
                {
                    "part_id": 1,
                    "part_name": "left_eye",
                    "x": 314.47711181640625,
                    "y": 70.87052917480469,
                    "confidence": 0.29669928550720215
                },
                {
                    "part_id": 2,
                    "part_name": "right_eye",
                    "x": 304.47821044921875,
                    "y": 68.88310241699219,
                    "confidence": 0.9890729784965515
                },
                {
                    "part_id": 3,
                    "part_name": "left_ear",
                    "x": 279.5127868652344,
                    "y": 73.32835388183594,
                    "confidence": 0.0137493796646595
                },
                {
                    "part_id": 4,
                    "part_name": "right_ear",
                    "x": 255.654541015625,
                    "y": 75.51609802246094,
                    "confidence": 0.9895037412643433
                },
                {
                    "part_id": 5,
                    "part_name": "left_shoulder",
                    "x": 243.36166381835938,
                    "y": 162.22903442382812,
                    "confidence": 0.9561564326286316
                },
                {
                    "part_id": 6,
                    "part_name": "right_shoulder",
                    "x": 237.50648498535156,
                    "y": 177.24490356445312,
                    "confidence": 0.9883401393890381
                },
                {
                    "part_id": 7,
                    "part_name": "left_elbow",
                    "x": 307.5621032714844,
                    "y": 271.2648620605469,
                    "confidence": 0.7269943356513977
                },
                {
                    "part_id": 8,
                    "part_name": "right_elbow",
                    "x": 317.61627197265625,
                    "y": 306.4409484863281,
                    "confidence": 0.976442277431488
                },
                {
                    "part_id": 9,
                    "part_name": "left_wrist",
                    "x": 419.58349609375,
                    "y": 283.8233642578125,
                    "confidence": 0.7816771864891052
                },
                {
                    "part_id": 10,
                    "part_name": "right_wrist",
                    "x": 432.594970703125,
                    "y": 296.1362609863281,
                    "confidence": 0.9704138040542603
                },
                {
                    "part_id": 11,
                    "part_name": "left_hip",
                    "x": 247.21200561523438,
                    "y": 402.32550048828125,
                    "confidence": 0.789871096611023
                },
                {
                    "part_id": 12,
                    "part_name": "right_hip",
                    "x": 234.02227783203125,
                    "y": 420.4857482910156,
                    "confidence": 0.8673244714736938
                },
                {
                    "part_id": 13,
                    "part_name": "left_knee",
                    "x": 403.36151123046875,
                    "y": 419.03302001953125,
                    "confidence": 0.127979576587677
                },
                {
                    "part_id": 14,
                    "part_name": "right_knee",
                    "x": 368.1908264160156,
                    "y": 435.11749267578125,
                    "confidence": 0.24798984825611115
                },
                {
                    "part_id": 15,
                    "part_name": "left_ankle",
                    "x": 397.50311279296875,
                    "y": 450.169189453125,
                    "confidence": 0.018016230314970016
                },
                {
                    "part_id": 16,
                    "part_name": "right_ankle",
                    "x": 339.830078125,
                    "y": 454.7518615722656,
                    "confidence": 0.024471228942275047
                }
            ]
        }
    ]
}