{
    "timestamp": "20250909_160353",
    "image_filename": "webcam_captures/images/capture_20250909_160353.jpg",
    "detected_persons": 1,
    "persons": [
        {
            "person_id": 1,
            "keypoints": [
                {
                    "part_id": 0,
                    "part_name": "nose",
                    "x": 314.49981689453125,
                    "y": 78.3277587890625,
                    "confidence": 0.9791338443756104
                },
                {
                    "part_id": 1,
                    "part_name": "left_eye",
                    "x": 312.32611083984375,
                    "y": 64.11338806152344,
                    "confidence": 0.29642367362976074
                },
                {
                    "part_id": 2,
                    "part_name": "right_eye",
                    "x": 303.4483337402344,
                    "y": 63.64410400390625,
                    "confidence": 0.9889996647834778
                },
                {
                    "part_id": 3,
                    "part_name": "left_ear",
                    "x": 275.8454284667969,
                    "y": 68.51962280273438,
                    "confidence": 0.01723327673971653
                },
                {
                    "part_id": 4,
                    "part_name": "right_ear",
                    "x": 255.18113708496094,
                    "y": 72.94627380371094,
                    "confidence": 0.9919995665550232
                },
                {
                    "part_id": 5,
                    "part_name": "left_shoulder",
                    "x": 238.81053161621094,
                    "y": 156.1734161376953,
                    "confidence": 0.9722030162811279
                },
                {
                    "part_id": 6,
                    "part_name": "right_shoulder",
                    "x": 238.90725708007812,
                    "y": 176.12518310546875,
                    "confidence": 0.9942229390144348
                },
                {
                    "part_id": 7,
                    "part_name": "left_elbow",
                    "x": 303.38507080078125,
                    "y": 263.0416564941406,
                    "confidence": 0.796521782875061
                },
                {
                    "part_id": 8,
                    "part_name": "right_elbow",
                    "x": 313.0514831542969,
                    "y": 306.8808288574219,
                    "confidence": 0.9855439066886902
                },
                {
                    "part_id": 9,
                    "part_name": "left_wrist",
                    "x": 408.5620422363281,
                    "y": 280.2311096191406,
                    "confidence": 0.830299437046051
                },
                {
                    "part_id": 10,
                    "part_name": "right_wrist",
                    "x": 425.48052978515625,
                    "y": 293.8346862792969,
                    "confidence": 0.9757519960403442
                },
                {
                    "part_id": 11,
                    "part_name": "left_hip",
                    "x": 222.87808227539062,
                    "y": 387.916015625,
                    "confidence": 0.8577503561973572
                },
                {
                    "part_id": 12,
                    "part_name": "right_hip",
                    "x": 214.99127197265625,
                    "y": 403.4328308105469,
                    "confidence": 0.9185241460800171
                },
                {
                    "part_id": 13,
                    "part_name": "left_knee",
                    "x": 293.88323974609375,
                    "y": 407.979736328125,
                    "confidence": 0.2524217367172241
                },
                {
                    "part_id": 14,
                    "part_name": "right_knee",
                    "x": 286.0264892578125,
                    "y": 432.64007568359375,
                    "confidence": 0.4067222774028778
                },
                {
                    "part_id": 15,
                    "part_name": "left_ankle",
                    "x": 267.0819091796875,
                    "y": 424.56201171875,
                    "confidence": 0.03665867820382118
                },
                {
                    "part_id": 16,
                    "part_name": "right_ankle",
                    "x": 249.8362579345703,
                    "y": 440.17303466796875,
                    "confidence": 0.043420031666755676
                }
            ]
        }
    ]
}