{
    "timestamp": "20250909_161612",
    "image_filename": "webcam_captures/images/capture_20250909_161612.jpg",
    "detected_persons": 1,
    "persons": [
        {
            "person_id": 1,
            "keypoints": [
                {
                    "part_id": 0,
                    "part_name": "nose",
                    "x": 364.45123291015625,
                    "y": 82.09011840820312,
                    "confidence": 0.9840183854103088
                },
                {
                    "part_id": 1,
                    "part_name": "left_eye",
                    "x": 364.0082702636719,
                    "y": 66.24058532714844,
                    "confidence": 0.44568517804145813
                },
                {
                    "part_id": 2,
                    "part_name": "right_eye",
                    "x": 349.9039306640625,
                    "y": 62.96893310546875,
                    "confidence": 0.9905056357383728
                },
                {
                    "part_id": 3,
                    "part_name": "left_ear",
                    "x": 330.63946533203125,
                    "y": 69.66389465332031,
                    "confidence": 0.018386008217930794
                },
                {
                    "part_id": 4,
                    "part_name": "right_ear",
                    "x": 295.99493408203125,
                    "y": 68.72825622558594,
                    "confidence": 0.9858918786048889
                },
                {
                    "part_id": 5,
                    "part_name": "left_shoulder",
                    "x": 298.01104736328125,
                    "y": 165.22744750976562,
                    "confidence": 0.958702564239502
                },
                {
                    "part_id": 6,
                    "part_name": "right_shoulder",
                    "x": 276.49017333984375,
                    "y": 183.12197875976562,
                    "confidence": 0.9863862991333008
                },
                {
                    "part_id": 7,
                    "part_name": "left_elbow",
                    "x": 354.5337829589844,
                    "y": 286.2470397949219,
                    "confidence": 0.7327033877372742
                },
                {
                    "part_id": 8,
                    "part_name": "right_elbow",
                    "x": 346.1474304199219,
                    "y": 334.2671203613281,
                    "confidence": 0.9642553925514221
                },
                {
                    "part_id": 9,
                    "part_name": "left_wrist",
                    "x": 464.00054931640625,
                    "y": 291.27197265625,
                    "confidence": 0.8274465799331665
                },
                {
                    "part_id": 10,
                    "part_name": "right_wrist",
                    "x": 475.6412048339844,
                    "y": 303.68310546875,
                    "confidence": 0.9718157052993774
                },
                {
                    "part_id": 11,
                    "part_name": "left_hip",
                    "x": 320.4334411621094,
                    "y": 417.04876708984375,
                    "confidence": 0.6441040635108948
                },
                {
                    "part_id": 12,
                    "part_name": "right_hip",
                    "x": 300.7536926269531,
                    "y": 437.3497619628906,
                    "confidence": 0.7374144792556763
                },
                {
                    "part_id": 13,
                    "part_name": "left_knee",
                    "x": 448.77154541015625,
                    "y": 423.7216491699219,
                    "confidence": 0.07063915580511093
                },
                {
                    "part_id": 14,
                    "part_name": "right_knee",
                    "x": 420.7312316894531,
                    "y": 440.3888244628906,
                    "confidence": 0.12511791288852692
                },
                {
                    "part_id": 15,
                    "part_name": "left_ankle",
                    "x": 423.8951110839844,
                    "y": 458.555419921875,
                    "confidence": 0.008891388773918152
                },
                {
                    "part_id": 16,
                    "part_name": "right_ankle",
                    "x": 401.4293212890625,
                    "y": 459.9815673828125,
                    "confidence": 0.010975590907037258
                }
            ]
        }
    ]
}