{
    "timestamp": "20250909_161613",
    "image_filename": "webcam_captures/images/capture_20250909_161613.jpg",
    "detected_persons": 1,
    "persons": [
        {
            "person_id": 1,
            "keypoints": [
                {
                    "part_id": 0,
                    "part_name": "nose",
                    "x": 356.6044006347656,
                    "y": 82.70941162109375,
                    "confidence": 0.9788609147071838
                },
                {
                    "part_id": 1,
                    "part_name": "left_eye",
                    "x": 354.82122802734375,
                    "y": 67.22447204589844,
                    "confidence": 0.3894681930541992
                },
                {
                    "part_id": 2,
                    "part_name": "right_eye",
                    "x": 341.6159362792969,
                    "y": 64.21540832519531,
                    "confidence": 0.986972987651825
                },
                {
                    "part_id": 3,
                    "part_name": "left_ear",
                    "x": 319.4839172363281,
                    "y": 71.46194458007812,
                    "confidence": 0.016971327364444733
                },
                {
                    "part_id": 4,
                    "part_name": "right_ear",
                    "x": 287.49298095703125,
                    "y": 71.61900329589844,
                    "confidence": 0.9819905161857605
                },
                {
                    "part_id": 5,
                    "part_name": "left_shoulder",
                    "x": 288.7749328613281,
                    "y": 167.47193908691406,
                    "confidence": 0.9548467993736267
                },
                {
                    "part_id": 6,
                    "part_name": "right_shoulder",
                    "x": 269.99383544921875,
                    "y": 184.7840576171875,
                    "confidence": 0.983342170715332
                },
                {
                    "part_id": 7,
                    "part_name": "left_elbow",
                    "x": 347.08953857421875,
                    "y": 287.08526611328125,
                    "confidence": 0.7242942452430725
                },
                {
                    "part_id": 8,
                    "part_name": "right_elbow",
                    "x": 341.80743408203125,
                    "y": 332.22454833984375,
                    "confidence": 0.9590187668800354
                },
                {
                    "part_id": 9,
                    "part_name": "left_wrist",
                    "x": 456.0653076171875,
                    "y": 288.7210998535156,
                    "confidence": 0.8204560875892639
                },
                {
                    "part_id": 10,
                    "part_name": "right_wrist",
                    "x": 471.4795837402344,
                    "y": 300.77606201171875,
                    "confidence": 0.9690123200416565
                },
                {
                    "part_id": 11,
                    "part_name": "left_hip",
                    "x": 313.694091796875,
                    "y": 415.384521484375,
                    "confidence": 0.6656193137168884
                },
                {
                    "part_id": 12,
                    "part_name": "right_hip",
                    "x": 297.12493896484375,
                    "y": 435.54559326171875,
                    "confidence": 0.7480455040931702
                },
                {
                    "part_id": 13,
                    "part_name": "left_knee",
                    "x": 444.9449462890625,
                    "y": 430.50335693359375,
                    "confidence": 0.07761964201927185
                },
                {
                    "part_id": 14,
                    "part_name": "right_knee",
                    "x": 425.1610412597656,
                    "y": 444.913818359375,
                    "confidence": 0.13470114767551422
                },
                {
                    "part_id": 15,
                    "part_name": "left_ankle",
                    "x": 420.8769836425781,
                    "y": 463.286865234375,
                    "confidence": 0.009295027703046799
                },
                {
                    "part_id": 16,
                    "part_name": "right_ankle",
                    "x": 405.4598388671875,
                    "y": 461.279541015625,
                    "confidence": 0.011497755534946918
                }
            ]
        }
    ]
}