{
    "timestamp": "20250909_161611",
    "image_filename": "webcam_captures/images/capture_20250909_161611.jpg",
    "detected_persons": 1,
    "persons": [
        {
            "person_id": 1,
            "keypoints": [
                {
                    "part_id": 0,
                    "part_name": "nose",
                    "x": 356.74639892578125,
                    "y": 79.83775329589844,
                    "confidence": 0.9749600291252136
                },
                {
                    "part_id": 1,
                    "part_name": "left_eye",
                    "x": 354.4051513671875,
                    "y": 63.976837158203125,
                    "confidence": 0.33713477849960327
                },
                {
                    "part_id": 2,
                    "part_name": "right_eye",
                    "x": 341.50665283203125,
                    "y": 61.91815185546875,
                    "confidence": 0.9854071140289307
                },
                {
                    "part_id": 3,
                    "part_name": "left_ear",
                    "x": 317.6493835449219,
                    "y": 67.87127685546875,
                    "confidence": 0.0171351321041584
                },
                {
                    "part_id": 4,
                    "part_name": "right_ear",
                    "x": 288.0461730957031,
                    "y": 70.6419677734375,
                    "confidence": 0.9833294153213501
                },
                {
                    "part_id": 5,
                    "part_name": "left_shoulder",
                    "x": 286.09002685546875,
                    "y": 164.05361938476562,
                    "confidence": 0.9551412463188171
                },
                {
                    "part_id": 6,
                    "part_name": "right_shoulder",
                    "x": 271.03997802734375,
                    "y": 185.28599548339844,
                    "confidence": 0.9857513308525085
                },
                {
                    "part_id": 7,
                    "part_name": "left_elbow",
                    "x": 345.70928955078125,
                    "y": 284.7322998046875,
                    "confidence": 0.7141183018684387
                },
                {
                    "part_id": 8,
                    "part_name": "right_elbow",
                    "x": 339.3121032714844,
                    "y": 335.2658386230469,
                    "confidence": 0.9639856815338135
                },
                {
                    "part_id": 9,
                    "part_name": "left_wrist",
                    "x": 460.80718994140625,
                    "y": 290.8660888671875,
                    "confidence": 0.8091557025909424
                },
                {
                    "part_id": 10,
                    "part_name": "right_wrist",
                    "x": 473.9252624511719,
                    "y": 304.3509216308594,
                    "confidence": 0.9707706570625305
                },
                {
                    "part_id": 11,
                    "part_name": "left_hip",
                    "x": 315.1015319824219,
                    "y": 415.2389221191406,
                    "confidence": 0.6742148995399475
                },
                {
                    "part_id": 12,
                    "part_name": "right_hip",
                    "x": 301.93780517578125,
                    "y": 438.43524169921875,
                    "confidence": 0.7646254301071167
                },
                {
                    "part_id": 13,
                    "part_name": "left_knee",
                    "x": 454.81219482421875,
                    "y": 416.9246520996094,
                    "confidence": 0.09056869894266129
                },
                {
                    "part_id": 14,
                    "part_name": "right_knee",
                    "x": 442.2159423828125,
                    "y": 435.5141296386719,
                    "confidence": 0.16489481925964355
                },
                {
                    "part_id": 15,
                    "part_name": "left_ankle",
                    "x": 431.26824951171875,
                    "y": 453.5853576660156,
                    "confidence": 0.012316037900745869
                },
                {
                    "part_id": 16,
                    "part_name": "right_ankle",
                    "x": 427.23046875,
                    "y": 455.3485412597656,
                    "confidence": 0.015925459563732147
                }
            ]
        }
    ]
}