{
    "timestamp": "20250909_161455",
    "image_filename": "webcam_captures/images/capture_20250909_161455.jpg",
    "detected_persons": 1,
    "persons": [
        {
            "person_id": 1,
            "keypoints": [
                {
                    "part_id": 0,
                    "part_name": "nose",
                    "x": 394.230712890625,
                    "y": 127.32266235351562,
                    "confidence": 0.9496345520019531
                },
                {
                    "part_id": 1,
                    "part_name": "left_eye",
                    "x": 394.7279052734375,
                    "y": 117.18405151367188,
                    "confidence": 0.07718279957771301
                },
                {
                    "part_id": 2,
                    "part_name": "right_eye",
                    "x": 394.3050842285156,
                    "y": 107.83932495117188,
                    "confidence": 0.9855072498321533
                },
                {
                    "part_id": 3,
                    "part_name": "left_ear",
                    "x": 341.7740173339844,
                    "y": 104.91973876953125,
                    "confidence": 0.006315403152257204
                },
                {
                    "part_id": 4,
                    "part_name": "right_ear",
                    "x": 349.06219482421875,
                    "y": 89.36245727539062,
                    "confidence": 0.9953380823135376
                },
                {
                    "part_id": 5,
                    "part_name": "left_shoulder",
                    "x": 271.35089111328125,
                    "y": 159.1539764404297,
                    "confidence": 0.9476472735404968
                },
                {
                    "part_id": 6,
                    "part_name": "right_shoulder",
                    "x": 300.25360107421875,
                    "y": 173.03839111328125,
                    "confidence": 0.990571916103363
                },
                {
                    "part_id": 7,
                    "part_name": "left_elbow",
                    "x": 368.4426574707031,
                    "y": 250.33917236328125,
                    "confidence": 0.6524195671081543
                },
                {
                    "part_id": 8,
                    "part_name": "right_elbow",
                    "x": 406.80950927734375,
                    "y": 291.3918762207031,
                    "confidence": 0.9800982475280762
                },
                {
                    "part_id": 9,
                    "part_name": "left_wrist",
                    "x": 501.8914489746094,
                    "y": 233.64657592773438,
                    "confidence": 0.7398050427436829
                },
                {
                    "part_id": 10,
                    "part_name": "right_wrist",
                    "x": 515.0045166015625,
                    "y": 228.14413452148438,
                    "confidence": 0.965769350528717
                },
                {
                    "part_id": 11,
                    "part_name": "left_hip",
                    "x": 225.73777770996094,
                    "y": 386.7542724609375,
                    "confidence": 0.7476193904876709
                },
                {
                    "part_id": 12,
                    "part_name": "right_hip",
                    "x": 239.82537841796875,
                    "y": 407.6394958496094,
                    "confidence": 0.836405873298645
                },
                {
                    "part_id": 13,
                    "part_name": "left_knee",
                    "x": 425.3750915527344,
                    "y": 354.84307861328125,
                    "confidence": 0.2694825828075409
                },
                {
                    "part_id": 14,
                    "part_name": "right_knee",
                    "x": 424.72039794921875,
                    "y": 392.2791748046875,
                    "confidence": 0.4911154806613922
                },
                {
                    "part_id": 15,
                    "part_name": "left_ankle",
                    "x": 419.1087646484375,
                    "y": 418.80145263671875,
                    "confidence": 0.07032261788845062
                },
                {
                    "part_id": 16,
                    "part_name": "right_ankle",
                    "x": 423.6871643066406,
                    "y": 477.64031982421875,
                    "confidence": 0.0939546748995781
                }
            ]
        }
    ]
}