{
    "timestamp": "20250909_161332",
    "image_filename": "webcam_captures/images/capture_20250909_161332.jpg",
    "detected_persons": 1,
    "persons": [
        {
            "person_id": 1,
            "keypoints": [
                {
                    "part_id": 0,
                    "part_name": "nose",
                    "x": 410.55950927734375,
                    "y": 165.35031127929688,
                    "confidence": 0.8929519057273865
                },
                {
                    "part_id": 1,
                    "part_name": "left_eye",
                    "x": 411.47125244140625,
                    "y": 158.65489196777344,
                    "confidence": 0.08446495234966278
                },
                {
                    "part_id": 2,
                    "part_name": "right_eye",
                    "x": 414.5028991699219,
                    "y": 151.0123748779297,
                    "confidence": 0.9542580842971802
                },
                {
                    "part_id": 3,
                    "part_name": "left_ear",
                    "x": 368.15283203125,
                    "y": 132.57345581054688,
                    "confidence": 0.015912117436528206
                },
                {
                    "part_id": 4,
                    "part_name": "right_ear",
                    "x": 386.9906005859375,
                    "y": 120.80361938476562,
                    "confidence": 0.9849254488945007
                },
                {
                    "part_id": 5,
                    "part_name": "left_shoulder",
                    "x": 317.3463134765625,
                    "y": 148.63912963867188,
                    "confidence": 0.9260760545730591
                },
                {
                    "part_id": 6,
                    "part_name": "right_shoulder",
                    "x": 320.85455322265625,
                    "y": 169.63555908203125,
                    "confidence": 0.9909489750862122
                },
                {
                    "part_id": 7,
                    "part_name": "left_elbow",
                    "x": 335.09576416015625,
                    "y": 227.5561981201172,
                    "confidence": 0.7011772394180298
                },
                {
                    "part_id": 8,
                    "part_name": "right_elbow",
                    "x": 357.8943176269531,
                    "y": 288.9435729980469,
                    "confidence": 0.9821774959564209
                },
                {
                    "part_id": 9,
                    "part_name": "left_wrist",
                    "x": 384.7828369140625,
                    "y": 233.2791748046875,
                    "confidence": 0.7920170426368713
                },
                {
                    "part_id": 10,
                    "part_name": "right_wrist",
                    "x": 422.0309143066406,
                    "y": 240.35494995117188,
                    "confidence": 0.972464382648468
                },
                {
                    "part_id": 11,
                    "part_name": "left_hip",
                    "x": 249.99063110351562,
                    "y": 329.62701416015625,
                    "confidence": 0.8624836206436157
                },
                {
                    "part_id": 12,
                    "part_name": "right_hip",
                    "x": 252.64572143554688,
                    "y": 344.59014892578125,
                    "confidence": 0.9309011101722717
                },
                {
                    "part_id": 13,
                    "part_name": "left_knee",
                    "x": 375.7556457519531,
                    "y": 325.7630615234375,
                    "confidence": 0.6851846575737
                },
                {
                    "part_id": 14,
                    "part_name": "right_knee",
                    "x": 366.8372497558594,
                    "y": 347.8837890625,
                    "confidence": 0.8479943871498108
                },
                {
                    "part_id": 15,
                    "part_name": "left_ankle",
                    "x": 346.7308044433594,
                    "y": 415.1111145019531,
                    "confidence": 0.3357931971549988
                },
                {
                    "part_id": 16,
                    "part_name": "right_ankle",
                    "x": 361.4634094238281,
                    "y": 454.90423583984375,
                    "confidence": 0.426180899143219
                }
            ]
        }
    ]
}