{
    "timestamp": "20250909_161456",
    "image_filename": "webcam_captures/images/capture_20250909_161456.jpg",
    "detected_persons": 1,
    "persons": [
        {
            "person_id": 1,
            "keypoints": [
                {
                    "part_id": 0,
                    "part_name": "nose",
                    "x": 397.70843505859375,
                    "y": 130.1239013671875,
                    "confidence": 0.964436948299408
                },
                {
                    "part_id": 1,
                    "part_name": "left_eye",
                    "x": 397.84283447265625,
                    "y": 120.37387084960938,
                    "confidence": 0.09525860100984573
                },
                {
                    "part_id": 2,
                    "part_name": "right_eye",
                    "x": 397.4993896484375,
                    "y": 110.69172668457031,
                    "confidence": 0.9916431903839111
                },
                {
                    "part_id": 3,
                    "part_name": "left_ear",
                    "x": 341.4525146484375,
                    "y": 104.3282470703125,
                    "confidence": 0.006209534592926502
                },
                {
                    "part_id": 4,
                    "part_name": "right_ear",
                    "x": 348.11761474609375,
                    "y": 89.11225891113281,
                    "confidence": 0.9971417784690857
                },
                {
                    "part_id": 5,
                    "part_name": "left_shoulder",
                    "x": 265.0648193359375,
                    "y": 152.53028869628906,
                    "confidence": 0.9567623138427734
                },
                {
                    "part_id": 6,
                    "part_name": "right_shoulder",
                    "x": 298.13494873046875,
                    "y": 170.83090209960938,
                    "confidence": 0.991161584854126
                },
                {
                    "part_id": 7,
                    "part_name": "left_elbow",
                    "x": 366.29144287109375,
                    "y": 247.82635498046875,
                    "confidence": 0.6475284695625305
                },
                {
                    "part_id": 8,
                    "part_name": "right_elbow",
                    "x": 407.6140441894531,
                    "y": 296.31719970703125,
                    "confidence": 0.9765962362289429
                },
                {
                    "part_id": 9,
                    "part_name": "left_wrist",
                    "x": 499.7713623046875,
                    "y": 238.42356872558594,
                    "confidence": 0.6767165064811707
                },
                {
                    "part_id": 10,
                    "part_name": "right_wrist",
                    "x": 516.573974609375,
                    "y": 231.901123046875,
                    "confidence": 0.9489920735359192
                },
                {
                    "part_id": 11,
                    "part_name": "left_hip",
                    "x": 218.1985321044922,
                    "y": 386.2936096191406,
                    "confidence": 0.7359794974327087
                },
                {
                    "part_id": 12,
                    "part_name": "right_hip",
                    "x": 234.07846069335938,
                    "y": 410.2041320800781,
                    "confidence": 0.8119180798530579
                },
                {
                    "part_id": 13,
                    "part_name": "left_knee",
                    "x": 434.7765808105469,
                    "y": 360.6060791015625,
                    "confidence": 0.2629096210002899
                },
                {
                    "part_id": 14,
                    "part_name": "right_knee",
                    "x": 436.20965576171875,
                    "y": 403.7730712890625,
                    "confidence": 0.4606548547744751
                },
                {
                    "part_id": 15,
                    "part_name": "left_ankle",
                    "x": 423.9876403808594,
                    "y": 402.21405029296875,
                    "confidence": 0.07542718201875687
                },
                {
                    "part_id": 16,
                    "part_name": "right_ankle",
                    "x": 436.78033447265625,
                    "y": 467.0797119140625,
                    "confidence": 0.09332706779241562
                }
            ]
        }
    ]
}